pokemon,usage,raw_usage,real_usage,total_battles
Mr. Mime-Galar,0.000747,2304.0,0.0016478058221041994,1398223.0
Eevee,0.0002006,680.0,0.00048633157944047553,1398223.0
Poliwrath,0.0025679,7895.0,0.005646452676003756,1398223.0
Emolga,0.0009433,2951.0,0.0021105360160718284,1398223.0
Butterfree,0.0018878,6169.0,0.004412028696423961,1398223.0
Tornadus,0.0013181,3967.0,0.002837172611235833,1398223.0
Wobbuffet,0.0009466,2959.0,0.0021162575640652458,1398223.0
Cresselia,0.0053239,15789.0,0.011292190158508335,1398223.0
Tangela,0.000713,2189.0,0.0015655585696988249,1398223.0
Roggenrola,0.0001087,387.0,0.0002767798841815647,1398223.0
Absol,0.0022904,7122.0,0.0050936081011398035,1398223.0
Magnemite,0.0003594,1335.0,0.0009547833214015218,1398223.0
Sceptile,0.0077992,24256.0,0.017347733516041432,1398223.0
Linoone,0.0031848,10224.0,0.007312138335587384,1398223.0
Landorus-Therian,0.2789183,828964.0,0.5928696638519034,1398223.0
Lapras,0.0035781,11261.0,0.00805379399423411,1398223.0
Krookodile,0.0165074,50151.0,0.035867669177234246,1398223.0
Mawile,0.0005167,1639.0,0.0011722021451513814,1398223.0
Eiscue,0.0019925,6301.0,0.004506434238315348,1398223.0
Frosmoth,0.0021524,6861.0,0.004906942597854563,1398223.0
Silvally-Water,0.000206,618.0,0.00044198958249149097,1398223.0
Sharpedo,0.0030292,9318.0,0.006664173025332869,1398223.0
Kadabra,0.0001366,458.0,0.0003275586226231438,1398223.0
Blissey,0.086336,259267.0,0.1854260729511673,1398223.0
Aggron,0.0047571,14572.0,0.01042179967000972,1398223.0
Slowbro,0.0778252,231125.0,0.16529909749732338,1398223.0
Celebi,0.0019772,6112.0,0.004371262666970862,1398223.0
Rapidash-Galar,0.0011722,3619.0,0.0025882852735221776,1398223.0
Omastar,0.003169,9518.0,0.006807211725168303,1398223.0
Walrein,0.0009573,2980.0,0.0021312766275479664,1398223.0
Heliolisk,0.0040705,12345.0,0.008829063747342162,1398223.0
Silvally-Flying,0.0001069,332.0,0.0002374442417268204,1398223.0
Durant,0.0025979,7940.0,0.005678636383466729,1398223.0
Tapu Bulu,0.009565,29112.0,0.02082071314804577,1398223.0
Swirlix,0.0006093,1996.0,0.0014275262243576311,1398223.0
Araquanid,0.0066674,20016.0,0.014315313079530233,1398223.0
Piloswine,0.0003712,1128.0,0.0008067382670718476,1398223.0
Vikavolt,0.0029691,9061.0,0.006480368296044336,1398223.0
Rotom,0.000422,1288.0,0.0009211692269401948,1398223.0
Crawdaunt,0.0221849,65851.0,0.047096207114315815,1398223.0
Crobat,0.005237,16105.0,0.011518191304248322,1398223.0
Noivern,0.003508,10901.0,0.007796324334530329,1398223.0
Persian,0.000643,2002.0,0.0014318173853526941,1398223.0
Celesteela,0.0165574,49663.0,0.03551865474963579,1398223.0
Skuntank,0.0005224,1661.0,0.0011879364021332793,1398223.0
Guzzlord,0.000899,2780.0,0.001988237927712532,1398223.0
Squirtle,0.0001126,382.0,0.0002732039166856789,1398223.0
Exploud,0.0021016,6435.0,0.004602270167205088,1398223.0
Whirlipede,0.0001026,312.0,0.000223140371743277,1398223.0
Archen,0.0001334,470.0,0.00033614094461326984,1398223.0
Urshifu-Rapid-Strike,0.0988694,295993.0,0.21169226940194805,1398223.0
Seismitoad,0.0183039,55118.0,0.03942003528764725,1398223.0
Bewear,0.0023787,7361.0,0.0052645393474431475,1398223.0
Zamazenta-Crowned,0.070168,207187.0,0.1481787955140203,1398223.0
Silvally-Ghost,0.000196,596.0,0.00042625532550959324,1398223.0
Wooper,0.0001502,492.0,0.00035187520159516756,1398223.0
Alakazam,0.020029,61130.0,0.043719778604700395,1398223.0
Dragalge,0.0021863,6706.0,0.004796087605482101,1398223.0
Cherrim,0.0004398,1326.0,0.0009483465799089273,1398223.0
Carbink,0.0005257,1850.0,0.0013231079734777643,1398223.0
Darmanitan,0.0112511,34279.0,0.024516117958294205,1398223.0
Turtonator,0.0015877,4835.0,0.0034579605685216164,1398223.0
Reuniclus,0.0132633,39574.0,0.02830306753643732,1398223.0
Druddigon,0.0026212,7881.0,0.005636439967015276,1398223.0
Tapu Koko,0.1255458,373893.0,0.2674058429878496,1398223.0
Rhydon,0.0010063,3120.0,0.00223140371743277,1398223.0
Greedent,0.000767,2392.0,0.0017107428500317903,1398223.0
Drampa,0.0012934,3914.0,0.002799267355779443,1398223.0
Rotom-Mow,0.002948,9429.0,0.006743559503741535,1398223.0
Sandslash-Alola,0.005197,15702.0,0.01122996832407992,1398223.0
Torkoal,0.0198649,59746.0,0.042729950801839195,1398223.0
Gloom,0.0001223,367.0,0.0002624760141980213,1398223.0
Regigigas,0.0023201,7155.0,0.0051172094866126505,1398223.0
Tentacruel,0.0069034,21010.0,0.01502621541771234,1398223.0
Lickilicky,0.0007674,2383.0,0.001704306108539196,1398223.0
Tapu Fini,0.0717593,215119.0,0.1538517103494936,1398223.0
Necrozma,0.003851,11598.0,0.008294814203456817,1398223.0
Goodra,0.0088148,27131.0,0.019403914826175796,1398223.0
Vespiquen,0.000476,1485.0,0.0010620623462780972,1398223.0
Unfezant,0.0005389,1653.0,0.0011822148541398617,1398223.0
Gourgeist-Small,0.0001559,468.0,0.0003347105576149155,1398223.0
Rillaboom,0.1568831,467139.0,0.33409477601212395,1398223.0
Gourgeist,0.0001134,354.0,0.00025317849870871816,1398223.0
Copperajah,0.0010402,3211.0,0.0022964863258578927,1398223.0
Larvesta,0.0001033,329.0,0.0002352986612292889,1398223.0
Solrock,0.0002017,610.0,0.00043626803449807363,1398223.0
Aegislash,0.0358763,108238.0,0.07741111396393852,1398223.0
Lycanroc-Midnight,0.0011904,3771.0,0.0026969946853971074,1398223.0
Trevenant,0.0021399,6646.0,0.004753175995531471,1398223.0
Octillery,0.0003469,1124.0,0.0008038774930751389,1398223.0
Electabuzz,0.0001559,479.0,0.0003425776861058644,1398223.0
Treecko,0.000128,453.0,0.00032398265512725795,1398223.0
Pikachu,0.0033378,10726.0,0.007671165472174324,1398223.0
Zoroark,0.0065783,20291.0,0.014511991291803954,1398223.0
Jynx,0.0005972,1825.0,0.001305228135998335,1398223.0
Galvantula,0.0097202,29765.0,0.02128773450300846,1398223.0
Hitmonchan,0.0009991,3078.0,0.002201365590467329,1398223.0
Clefable,0.1294929,388019.0,0.27750866635722626,1398223.0
Sigilyph,0.0025211,7673.0,0.0054876797191864245,1398223.0
Qwilfish,0.0008268,2534.0,0.0018123003269149484,1398223.0
Latios,0.0353045,105374.0,0.0753627997822951,1398223.0
Claydol,0.0019786,6007.0,0.004296167349557259,1398223.0
Sudowoodo,0.0002614,815.0,0.0005828827018293935,1398223.0
Hatterene,0.0243863,74022.0,0.05294005319609247,1398223.0
Starmie,0.0051666,15799.0,0.011299342093500107,1398223.0
Steelix,0.0031304,9578.0,0.006850123335118933,1398223.0
Lycanroc-Dusk,0.0089921,27206.0,0.019457554338614083,1398223.0
Ninetales,0.0057412,17655.0,0.012626741227972934,1398223.0
Azumarill,0.0328152,97908.0,0.07002316511743835,1398223.0
Runerigus,0.0024481,7683.0,0.005494831654178196,1398223.0
Glalie,0.0002028,656.0,0.0004691669354602234,1398223.0
Jirachi,0.0193889,58159.0,0.04159493871864502,1398223.0
Hydreigon,0.0577479,174175.0,0.12456882771918357,1398223.0
Golisopod,0.004745,14652.0,0.010479015149943894,1398223.0
Glastrier,0.0037344,11306.0,0.008085977701697084,1398223.0
Carracosta,0.0009809,3076.0,0.0021999352034689744,1398223.0
Gallade,0.0028851,9017.0,0.006448899782080541,1398223.0
Exeggutor-Alola,0.0017551,5702.0,0.004078033332308223,1398223.0
Thievul,0.0007059,2251.0,0.0016099005666478095,1398223.0
Weezing,0.0011962,3796.0,0.0027148745228765367,1398223.0
Swoobat,0.0024098,7818.0,0.005591382776567114,1398223.0
Spiritomb,0.0030946,9431.0,0.006744989890739889,1398223.0
Liepard,0.0018971,5904.0,0.0042225024191420105,1398223.0
Snorlax,0.0111019,34222.0,0.024475351928841108,1398223.0
Kangaskhan,0.0006118,1899.0,0.0013581524549374456,1398223.0
Aron,0.0012133,4345.0,0.003107515753924803,1398223.0
Machamp,0.0039647,12211.0,0.008733227818452422,1398223.0
Xurkitree,0.0053868,16421.0,0.011744192449988306,1398223.0
Exeggutor,0.0013231,4119.0,0.002945882023110763,1398223.0
Boltund,0.0012702,3992.0,0.0028550524487152623,1398223.0
Cursola,0.001921,5739.0,0.004104495491777778,1398223.0
Cobalion,0.0015849,4784.0,0.0034214857000635806,1398223.0
Persian-Alola,0.0011983,3759.0,0.0026884123634069814,1398223.0
Ditto,0.0139702,42381.0,0.030310615688627637,1398223.0
Diancie,0.0028318,8761.0,0.0062658102462911855,1398223.0
Mesprit,0.0005865,1794.0,0.0012830571375238428,1398223.0
Bisharp,0.083929,250608.0,0.1792332124417922,1398223.0
Toxtricity,0.0098207,29995.0,0.02145222900781921,1398223.0
Kyurem,0.0693909,206242.0,0.14750293765729788,1398223.0
Sirfetch'd,0.0033375,10298.0,0.007365062654526496,1398223.0
Nidoqueen,0.0030693,9239.0,0.006607672738897873,1398223.0
Altaria,0.0012219,3737.0,0.002672678106425084,1398223.0
Togekiss,0.0262705,81049.0,0.05796571791481044,1398223.0
Oranguru,0.0002696,829.0,0.0005928954108178738,1398223.0
Venusaur,0.0205421,62310.0,0.044563706933729456,1398223.0
Blastoise,0.0091291,27939.0,0.01998179117351095,1398223.0
Klefki,0.0078646,24021.0,0.0171796630437348,1398223.0
Silvally-Steel,0.0002253,685.0,0.0004899075469363614,1398223.0
Bulbasaur,0.0001119,398.0,0.0002846470126725136,1398223.0
Jigglypuff,0.0001505,485.0,0.0003468688471009274,1398223.0
Dracozolt,0.0227439,67851.0,0.04852659411267015,1398223.0
Abra,0.000143,488.0,0.0003490144275984589,1398223.0
Ralts,0.0001094,365.0,0.000261045627199667,1398223.0
Throh,0.0001956,618.0,0.00044198958249149097,1398223.0
Wartortle,0.000388,1221.0,0.0008732512624953244,1398223.0
Wigglytuff,0.0010041,3094.0,0.0022128086864541636,1398223.0
Inteleon,0.0074437,23220.0,0.016606793050893884,1398223.0
Magikarp,0.000216,933.0,0.0006672755347322995,1398223.0
Dusknoir,0.0026323,7984.0,0.0057101048974305246,1398223.0
Basculin,0.0003748,1186.0,0.0008482194900241235,1398223.0
Stonjourner,0.0002496,754.0,0.0005392558983795861,1398223.0
Kabutops,0.0025808,7790.0,0.005571357358590153,1398223.0
Sylveon,0.00841,25786.0,0.018441979569782503,1398223.0
Haunter,0.0002106,701.0,0.000501350642923196,1398223.0
Tangrowth,0.0229641,68308.0,0.04885343754179412,1398223.0
Togedemaru,0.0028915,9166.0,0.006555463613457939,1398223.0
Dedenne,0.000781,2477.0,0.0017715342974618498,1398223.0
Ivysaur,0.0002131,658.0,0.0004705973224585778,1398223.0
Type: Null,0.0005421,1659.0,0.001186506015134925,1398223.0
Blacephalon,0.0301332,89826.0,0.06424297125708846,1398223.0
Shiinotic,0.0009129,2788.0,0.0019939594757059495,1398223.0
Scyther,0.002206,6977.0,0.004989905043759115,1398223.0
Silvally-Fairy,0.0003444,1078.0,0.0007709785921129891,1398223.0
Articuno,0.0018055,5602.0,0.0040065139823905055,1398223.0
Togetic,0.0002771,855.0,0.0006114904417964803,1398223.0
Palossand,0.0023408,7122.0,0.0050936081011398035,1398223.0
Quagsire,0.0159317,48926.0,0.034991557140742216,1398223.0
Gyarados,0.0195752,59527.0,0.042573323425519394,1398223.0
Heatran,0.1594924,473973.0,0.33898240838550076,1398223.0
Pangoro,0.001822,5564.0,0.003979336629421773,1398223.0
Regieleki,0.0710319,215518.0,0.1541370725556653,1398223.0
Lycanroc,0.001493,4628.0,0.003309915514191942,1398223.0
Whiscash,0.0002796,865.0,0.0006186423767882519,1398223.0
Onix,0.0002961,975.0,0.0006973136616977406,1398223.0
Slowking,0.0548839,162338.0,0.11610308226942341,1398223.0
Lopunny,0.0020272,6247.0,0.00446781378935978,1398223.0
Charjabug,0.0001892,583.0,0.00041695781002029,1398223.0
Hawlucha,0.0735469,219287.0,0.15683263685406404,1398223.0
Braviary,0.0020565,6397.0,0.004575092814236356,1398223.0
Vanilluxe,0.0025354,7689.0,0.005499122815173259,1398223.0
Comfey,0.0043716,13154.0,0.009407655288176492,1398223.0
Grimmsnarl,0.0246792,74305.0,0.05314245295635961,1398223.0
Hattrem,0.0001545,494.0,0.0003533055885935219,1398223.0
Rotom-Frost,0.0005553,1708.0,0.0012215504965946062,1398223.0
Golbat,0.0003061,909.0,0.0006501108907520474,1398223.0
Gengar,0.0400244,122452.0,0.08757687436124281,1398223.0
Primarina,0.0120925,36584.0,0.026164638973897585,1398223.0
Silvally-Poison,0.0001273,379.0,0.0002710583361881474,1398223.0
Tapu Lele,0.0799318,238749.0,0.17075173273505012,1398223.0
Rotom-Fan,0.000305,949.0,0.0006787186307191342,1398223.0
Crustle,0.0010156,3195.0,0.0022850432298710576,1398223.0
Alcremie,0.0007856,2476.0,0.0017708191039626725,1398223.0
Gigalith,0.0026859,8186.0,0.0058545739842643125,1398223.0
Volcanion,0.0101954,30824.0,0.022045124418637086,1398223.0
Whimsicott,0.006657,20724.0,0.014821670076947669,1398223.0
Registeel,0.003582,10972.0,0.007847103072971907,1398223.0
Xatu,0.0032227,9918.0,0.007093289124839171,1398223.0
Nihilego,0.0105137,31772.0,0.02272312785585704,1398223.0
Silvally,0.000977,2995.0,0.0021420045300356238,1398223.0
Shuckle,0.0169726,51680.0,0.03696120003747614,1398223.0
Orbeetle,0.0015623,4822.0,0.003448663053032313,1398223.0
Seaking,0.0005117,1598.0,0.0011428792116851174,1398223.0
Silvally-Electric,0.0001252,381.0,0.0002724887231865017,1398223.0
Silvally-Grass,0.0002121,645.0,0.0004612998069692746,1398223.0
Clawitzer,0.0026863,8066.0,0.0057687507643630525,1398223.0
Coalossal,0.0015684,4844.0,0.003464397310014211,1398223.0
Malamar,0.0040855,12814.0,0.009164489498456255,1398223.0
Dugtrio-Alola,0.0005031,1541.0,0.0011021131822320188,1398223.0
Entei,0.0040877,12185.0,0.008714632787473815,1398223.0
Beheeyem,0.0002775,852.0,0.0006093448612989488,1398223.0
Dunsparce,0.0004924,1544.0,0.0011042587627295502,1398223.0
Riolu,0.0004212,1697.0,0.0012136833681036573,1398223.0
Dusclops,0.0028833,8935.0,0.006390253915148013,1398223.0
Tsareena,0.0025872,7832.0,0.005601395485555594,1398223.0
Drednaw,0.0009759,2966.0,0.002121263918559486,1398223.0
Porygon-Z,0.0059114,17964.0,0.012847736019218679,1398223.0
Mandibuzz,0.0688949,205185.0,0.1467469781286676,1398223.0
Volcarona,0.1274314,381177.0,0.27261531243585607,1398223.0
Raichu-Alola,0.006323,19252.0,0.013768905246158874,1398223.0
Swampert,0.0733474,219661.0,0.15710011922275632,1398223.0
Corsola,0.0002507,766.0,0.0005478382203697121,1398223.0
Stoutland,0.0010345,3158.0,0.0022585810704015023,1398223.0
Uxie,0.0026316,7987.0,0.005712250477928056,1398223.0
Regirock,0.0021842,6708.0,0.004797517992480456,1398223.0
Drifblim,0.0016188,5101.0,0.0036482020393027435,1398223.0
Hitmonlee,0.0035366,10841.0,0.007753412724579699,1398223.0
Mimikyu,0.0154442,47507.0,0.03397669756540981,1398223.0
Duraludon,0.0019035,5923.0,0.0042360910956263775,1398223.0
Raichu,0.0014726,4729.0,0.0033821500576088365,1398223.0
Musharna,0.0001906,601.0,0.0004298312930054791,1398223.0
Blaziken,0.0496058,150985.0,0.107983490473265,1398223.0
Weezing-Galar,0.0049205,14928.0,0.010676408555716792,1398223.0
Heatmor,0.0003755,1177.0,0.000841782748531529,1398223.0
Farfetch'd,0.0002167,673.0,0.0004813252249462353,1398223.0
Slurpuff,0.0088155,26746.0,0.019128565328992587,1398223.0
Farfetch'd-Galar,0.0001248,410.0,0.00029322933466263966,1398223.0
Ferrothorn,0.1599634,481771.0,0.3445594872920843,1398223.0
Eldegoss,0.0013446,4002.0,0.0028622043837070337,1398223.0
Zapdos-Galar,0.0397773,118286.0,0.08459737824367071,1398223.0
Milotic,0.0117767,35970.0,0.0257255101654028,1398223.0
Aerodactyl,0.0036815,11304.0,0.008084547314698728,1398223.0
Marowak-Alola,0.011648,35046.0,0.025064671372163096,1398223.0
Toxapex,0.1042791,315303.0,0.2255026558710592,1398223.0
Dhelmise,0.0026108,7898.0,0.0056485982565012876,1398223.0
Mr. Rime,0.001031,3159.0,0.0022592962639006796,1398223.0
Aurorus,0.0053983,16266.0,0.011633337457615845,1398223.0
Mantine,0.0038928,11710.0,0.00837491587536466,1398223.0
Regidrago,0.0046176,14227.0,0.010175057912793595,1398223.0
Doublade,0.0015716,4866.0,0.0034801315669961085,1398223.0
Leafeon,0.0022167,6848.0,0.0048976450823652595,1398223.0
Marshtomp,0.0002056,647.0,0.0004627301939676289,1398223.0
Arcanine,0.0093236,28881.0,0.020655503449735844,1398223.0
Hippopotas,0.0001116,567.0,0.0004055147140334553,1398223.0
Noctowl,0.0011211,3546.0,0.0025360761480822443,1398223.0
Cofagrigus,0.00306,9167.0,0.006556178806957116,1398223.0
Sandslash,0.0007134,2302.0,0.001646375435105845,1398223.0
Magnezone,0.055312,164886.0,0.11792539530532684,1398223.0
Rhyperior,0.0084586,25356.0,0.01813444636513632,1398223.0
Pinsir,0.0004538,1438.0,0.0010284482518167703,1398223.0
Incineroar,0.0120027,36996.0,0.026459298695558575,1398223.0
Meowstic,0.0017894,5397.0,0.0038598993150591857,1398223.0
Gothitelle,0.0003705,1167.0,0.0008346308135397572,1398223.0
Mudsdale,0.0021302,6517.0,0.0046609160341376165,1398223.0
Tauros,0.0026244,8040.0,0.005750155733384446,1398223.0
Raikou,0.0036124,11032.0,0.007890014682922539,1398223.0
Porygon2,0.010956,33191.0,0.023737987431189444,1398223.0
Mamoswine,0.0261736,77853.0,0.05567995949144021,1398223.0
Chansey,0.0282902,85916.0,0.06144656467530573,1398223.0
Morpeko,0.0024492,7511.0,0.005371818372319723,1398223.0
Slowbro-Galar,0.0061703,18761.0,0.013417745238062884,1398223.0
Politoed,0.0054923,16727.0,0.01196304166073652,1398223.0
Buzzwole,0.0202271,60535.0,0.043294238472689976,1398223.0
Relicanth,0.0003762,1195.0,0.000854656231516718,1398223.0
Decidueye,0.0031011,9545.0,0.006826521949646087,1398223.0
Raboot,0.0016471,4891.0,0.003498011404475538,1398223.0
Cramorant,0.0012058,3728.0,0.0026662413649324894,1398223.0
Amoonguss,0.0138819,42163.0,0.030154703505807012,1398223.0
Jolteon,0.0081096,25097.0,0.017949211248849434,1398223.0
Flapple,0.00081,2508.0,0.001793705295936342,1398223.0
Golduck,0.0009247,2953.0,0.0021119664030701825,1398223.0
Rotom-Wash,0.028562,86033.0,0.06153024231470946,1398223.0
Umbreon,0.0159542,48289.0,0.034535978881766356,1398223.0
Heracross,0.0043806,13389.0,0.009575725760483128,1398223.0
Toxicroak,0.0043759,13407.0,0.009588599243468316,1398223.0
Grapploct,0.0010967,3443.0,0.002462411217666996,1398223.0
Dragonite,0.0843646,252654.0,0.18069649834110868,1398223.0
Gastrodon,0.0126471,37992.0,0.02717163142073904,1398223.0
Vaporeon,0.0059179,18018.0,0.012886356468174247,1398223.0
Virizion,0.0013657,4141.0,0.0029616162800926607,1398223.0
Froslass,0.002854,8695.0,0.006218607475345492,1398223.0
Klinklang,0.0007449,2351.0,0.0016814199165655264,1398223.0
Dragapult,0.2082182,623819.0,0.4461512934632029,1398223.0
Terrakion,0.0113355,33970.0,0.02429512316704846,1398223.0
Dubwool,0.0020015,6133.0,0.004386281730453583,1398223.0
Conkeldurr,0.0200826,60432.0,0.04322057354227473,1398223.0
Weavile,0.0487708,146211.0,0.10456915670819318,1398223.0
Audino,0.001096,3361.0,0.002403765350734468,1398223.0
Drapion,0.0046219,14057.0,0.010053475017933477,1398223.0
Silvally-Ground,0.0002854,858.0,0.0006136360222940118,1398223.0
Excadrill,0.0797895,240612.0,0.1720841382240172,1398223.0
Maractus,0.0005679,1782.0,0.0012744748155337168,1398223.0
Solosis,0.0001505,457.0,0.0003268434291239666,1398223.0
Gurdurr,0.0001867,580.0,0.0004148122295227585,1398223.0
Arctovish,0.0058528,17450.0,0.012480126560641614,1398223.0
Sawk,0.0007005,2216.0,0.0015848687941766085,1398223.0
Zeraora,0.0897307,268602.0,0.19210240426598618,1398223.0
Silvally-Dark,0.0001073,340.0,0.00024316578972023777,1398223.0
Thundurus,0.0032566,9843.0,0.007039649612400883,1398223.0
Corviknight,0.1523927,455609.0,0.32584859496661117,1398223.0
Sableye,0.004132,12764.0,0.009128729823497396,1398223.0
Dugtrio,0.0010352,3220.0,0.002302923067350487,1398223.0
Golurk,0.0028629,8880.0,0.006350918272693269,1398223.0
Keldeo,0.0117864,35188.0,0.025166228849046252,1398223.0
Scizor,0.0385554,115873.0,0.0828716163301562,1398223.0
Manectric,0.0014955,4521.0,0.003233389809779985,1398223.0
Nidoking,0.066498,200265.0,0.14322822611271593,1398223.0
Zapdos,0.0936489,278093.0,0.1988903057666767,1398223.0
Ninjask,0.0019675,6412.0,0.0045858207167240135,1398223.0
Charmander,0.000152,561.0,0.0004012235530383923,1398223.0
Moltres,0.0221202,65830.0,0.04708118805083309,1398223.0
Flareon,0.002054,6380.0,0.004562934524750344,1398223.0
Tornadus-Therian,0.0552855,164066.0,0.11733893663600155,1398223.0
Delibird,0.0003,1006.0,0.0007194846601722329,1398223.0
Charizard,0.0132171,41380.0,0.02959470699595129,1398223.0
Salazzle,0.0096222,30115.0,0.02153805222772047,1398223.0
Magmortar,0.001612,5037.0,0.003602429655355405,1398223.0
Abomasnow,0.0015638,4922.0,0.0035201824029500303,1398223.0
Luxray,0.0017401,5391.0,0.003855608154064123,1398223.0
Jellicent,0.0028407,8675.0,0.0062043036053619485,1398223.0
Mienshao,0.004937,15037.0,0.010754364647127104,1398223.0
Ninetales-Alola,0.0305738,91268.0,0.06527428028290194,1398223.0
Flygon,0.0041578,12611.0,0.009019305218123289,1398223.0
Escavalier,0.0017315,5309.0,0.003796962287131595,1398223.0
Sandaconda,0.0044331,13437.0,0.009610055048443632,1398223.0
Bouffalant,0.0013245,4194.0,0.0029995215355490506,1398223.0
Kartana,0.1043381,313440.0,0.22417025038209212,1398223.0
Vileplume,0.002132,6519.0,0.00466234642113597,1398223.0
Clefairy,0.0002639,847.0,0.0006057688938030629,1398223.0
Magneton,0.0008693,2643.0,0.00189025641832526,1398223.0
Slowking-Galar,0.0620423,185192.0,0.13244811449961844,1398223.0
Azelf,0.0083109,24795.0,0.017733222812097927,1398223.0
Skarmory,0.0451784,134966.0,0.09652680580994591,1398223.0
Archeops,0.002614,8461.0,0.006051252196538034,1398223.0
Bronzong,0.0033897,10176.0,0.00727780904762688,1398223.0
Barraskewda,0.0310501,93948.0,0.06719099886069675,1398223.0
Cottonee,0.0002972,1033.0,0.0007387948846500165,1398223.0
Dragonair,0.0002585,824.0,0.000589319443321988,1398223.0
Diggersby,0.0060423,18047.0,0.012907097079650385,1398223.0
Articuno-Galar,0.0030335,9200.0,0.006579780192429963,1398223.0
Garchomp,0.1615257,482389.0,0.3450014768745758,1398223.0
Pincurchin,0.0024892,7633.0,0.005459071979219338,1398223.0
Appletun,0.001847,5676.0,0.004059438301329616,1398223.0
Kommo-o,0.019405,58667.0,0.041958257016227025,1398223.0
Scrafty,0.0027496,8425.0,0.0060255052305676566,1398223.0
Lilligant,0.0006984,2161.0,0.0015455331517218642,1398223.0
Latias,0.0141837,42502.0,0.030397154102028073,1398223.0
Magmar,0.0002274,702.0,0.0005020658364223732,1398223.0
Indeedee,0.0033832,10555.0,0.007548867383815028,1398223.0
Lucario,0.0109864,34421.0,0.024617675435177365,1398223.0
Cinccino,0.0036135,11158.0,0.00798012906381886,1398223.0
Scolipede,0.0058918,17896.0,0.012799102861274633,1398223.0
Pyukumuku,0.0038009,11803.0,0.008441428870788137,1398223.0
Victini,0.0326389,96827.0,0.06925004094482783,1398223.0
Moltres-Galar,0.0097828,29234.0,0.020907966754945384,1398223.0
Ludicolo,0.0033482,10366.0,0.007413695812470543,1398223.0
Cloyster,0.0349579,105333.0,0.07533347684882884,1398223.0
Obstagoon,0.0099001,30292.0,0.02166464147707483,1398223.0
Salamence,0.0174732,53019.0,0.03791884413287437,1398223.0
Arctozolt,0.0094366,28177.0,0.020152007226315116,1398223.0
Falinks,0.00111,3465.0,0.0024781454746488937,1398223.0
Haxorus,0.0093065,28134.0,0.020121253905850497,1398223.0
Garbodor,0.0006823,2206.0,0.0015777168591848368,1398223.0
Marowak,0.000707,2218.0,0.0015862991811749628,1398223.0
Glaceon,0.0018348,5749.0,0.00411164742676955,1398223.0
Melmetal,0.0675429,202434.0,0.1447794808124312,1398223.0
Rotom-Heat,0.0190277,57778.0,0.04132244999545852,1398223.0
Mew,0.0331092,100246.0,0.07169528751851457,1398223.0
Silvally-Ice,0.000138,435.0,0.0003111091721420689,1398223.0
Hippowdon,0.0484476,144870.0,0.1036100822257966,1398223.0
Centiskorch,0.0027839,8770.0,0.00627224698778378,1398223.0
Bellossom,0.000869,2705.0,0.0019345984152742445,1398223.0
Perrserker,0.0006952,2167.0,0.0015498243127169272,1398223.0
Lurantis,0.0021831,6733.0,0.004815397829959885,1398223.0
Metagross,0.0111019,34407.0,0.024607662726188886,1398223.0
Calyrex,0.0001774,558.0,0.0003990779725408608,1398223.0
Lanturn,0.0016689,5079.0,0.003632467782320846,1398223.0
Silvally-Fire,0.0002278,703.0,0.0005027810299215505,1398223.0
Stakataka,0.0052781,15913.0,0.011380874152406304,1398223.0
Thwackey,0.0001416,434.0,0.0003103939786428917,1398223.0
Pelipper,0.0506042,152860.0,0.10932447828422219,1398223.0
Avalugg,0.0026652,8097.0,0.005790921762837544,1398223.0
Talonflame,0.0046938,14841.0,0.010614186721288377,1398223.0
Mr. Mime,0.0006326,1984.0,0.0014189439023675051,1398223.0
Barbaracle,0.0017018,5198.0,0.003717575808722929,1398223.0
Wailord,0.0008268,2595.0,0.001855927130364756,1398223.0
Chandelure,0.0113605,34835.0,0.024913765543836713,1398223.0
Ribombee,0.0100131,29892.0,0.02137856407740396,1398223.0
Tyrantrum,0.0030592,9398.0,0.006721388505267043,1398223.0
Gardevoir,0.0105638,33266.0,0.023791626943627735,1398223.0
Machoke,0.0001162,406.0,0.000290368560665931,1398223.0
Stunfisk,0.000761,2234.0,0.0015977422771617975,1398223.0
Combusken,0.0001076,334.0,0.00023887462872517474,1398223.0
Aromatisse,0.0003858,1184.0,0.0008467891030257691,1398223.0
Polteageist,0.0105441,31640.0,0.022628722313965656,1398223.0
Cradily,0.0030038,9302.0,0.006652729929346035,1398223.0
Kingler,0.0012105,3753.0,0.0026841212024119186,1398223.0
Lunatone,0.0002278,715.0,0.0005113633519116765,1398223.0
Roserade,0.0055588,17095.0,0.012226232868433719,1398223.0
Rapidash,0.0005439,1798.0,0.0012859179115205514,1398223.0
Lairon,0.0001244,385.0,0.0002753494971832104,1398223.0
Electivire,0.0029834,9263.0,0.006624837382878125,1398223.0
Suicune,0.0073837,22145.0,0.015837960039278426,1398223.0
Seadra,0.0007513,2237.0,0.0015998878576593291,1398223.0
Zygarde-10%,0.0050997,15387.0,0.011004682371839113,1398223.0
Thundurus-Therian,0.0157017,47004.0,0.033616955235323695,1398223.0
Tyranitar,0.0777594,234562.0,0.1677572175539953,1398223.0
Passimian,0.0005772,1842.0,0.001317386425484347,1398223.0
Munchlax,0.000143,464.0,0.00033184978361820684,1398223.0
Indeedee-F,0.0012598,3900.0,0.0027892546467909625,1398223.0
Miltank,0.0013993,4309.0,0.003081768787954425,1398223.0
Accelgor,0.0035731,11078.0,0.007922913583884687,1398223.0
Gourgeist-Super,0.0005836,1777.0,0.0012708988480378308,1398223.0
Shiftry,0.0017519,5372.0,0.0038420194775797565,1398223.0
Cryogonal,0.0014529,4361.0,0.003118958849911638,1398223.0
Stunfisk-Galar,0.0002743,822.0,0.0005878890563236337,1398223.0
Beartic,0.0010281,3162.0,0.002261441844398211,1398223.0
Corsola-Galar,0.0069678,21663.0,0.01549323677267503,1398223.0
Regice,0.0026244,8010.0,0.005728699928409131,1398223.0
Armaldo,0.0008965,2735.0,0.0019560542202495595,1398223.0
Espeon,0.0103732,32907.0,0.02353487247742313,1398223.0
Zarude,0.0062097,18802.0,0.013447068171529148,1398223.0
Ferroseed,0.0002342,778.0,0.0005564205423598382,1398223.0
Shedinja,0.0053625,16932.0,0.01210965632806784,1398223.0
Wishiwashi,0.0005482,1697.0,0.0012136833681036573,1398223.0
Sneasel,0.0001616,502.0,0.0003590271365869393,1398223.0
Hitmontop,0.0024116,7332.0,0.00524379873596701,1398223.0
Kingdra,0.0135897,40798.0,0.029178464379430176,1398223.0
